,Rank,Team,2024,Last 3,Last 1,Home,Away,2023
0,1,Washington,0.0,0.0,0.0,0.0,0.0,0.3
1,1,Chicago,0.0,0.0,0.0,0.0,0.0,0.2
2,1,Jacksonville,0.0,0.0,0.0,0.0,0.0,0.1
3,1,San Francisco,0.0,0.0,0.0,0.0,0.0,0.1
4,1,Houston,0.0,0.0,0.0,0.0,0.0,0.1
5,1,Tampa Bay,0.0,0.0,0.0,0.0,0.0,0.0
6,1,Kansas City,0.0,0.0,0.0,0.0,0.0,0.1
7,1,Denver,0.0,0.0,0.0,0.0,0.0,0.1
8,1,Buffalo,0.0,0.0,0.0,0.0,0.0,0.0
9,1,LA Rams,0.0,0.0,0.0,0.0,0.0,0.1
10,1,Baltimore,0.0,0.0,0.0,0.0,0.0,0.1
11,12,Philadelphia,0.1,0.0,0.0,0.1,0.0,0.1
12,13,LA Chargers,0.1,0.3,1.0,0.0,0.1,0.2
13,14,Arizona,0.1,0.0,0.0,0.0,0.1,0.2
14,14,Carolina,0.1,0.0,0.0,0.0,0.1,0.3
15,14,Seattle,0.1,0.0,0.0,0.1,0.0,0.0
16,17,Minnesota,0.1,0.3,1.0,0.1,0.1,0.1
17,17,Pittsburgh,0.1,0.0,0.0,0.0,0.2,0.0
18,17,Detroit,0.1,0.3,1.0,0.1,0.1,0.2
19,17,Green Bay,0.1,0.0,0.0,0.1,0.1,0.0
20,21,Indianapolis,0.1,0.0,0.0,0.1,0.1,0.1
21,21,Dallas,0.1,0.3,0.0,0.1,0.1,0.1
22,21,Atlanta,0.1,0.0,0.0,0.2,0.0,0.1
23,21,NY Jets,0.1,0.0,0.0,0.1,0.1,0.1
24,21,Miami,0.1,0.0,0.0,0.3,0.0,0.2
25,26,Las Vegas,0.2,0.0,0.0,0.1,0.2,0.1
26,26,Cleveland,0.2,0.3,1.0,0.0,0.3,0.4
27,26,New England,0.2,0.3,0.0,0.0,0.3,0.3
28,26,Cincinnati,0.2,0.0,0.0,0.3,0.1,0.1
29,30,New Orleans,0.2,0.0,0.0,0.2,0.3,0.1
30,31,Tennessee,0.3,0.3,1.0,0.4,0.2,0.1
31,31,NY Giants,0.3,0.7,0.0,0.1,0.5,0.1
