,Rank,Team,2026,Last 3,Last 1,Home,Away,2025
0,1,Cincinnati,0.0,0.0,0.0,0.0,--,1.9
1,1,Las Vegas,0.0,0.0,0.0,0.0,--,1.4
2,1,San Francisco,0.0,0.0,0.0,--,0.0,1.6
3,1,Tennessee,0.0,0.0,0.0,0.0,--,1.8
4,5,Tampa Bay,1.0,1.0,1.0,--,1.0,1.8
5,5,Arizona,1.0,1.0,1.0,--,1.0,1.8
6,5,New England,1.0,1.0,1.0,--,1.0,1.3
7,5,Kansas City,1.0,1.0,1.0,1.0,--,1.1
8,5,LA Chargers,1.0,1.0,1.0,1.0,--,0.9
9,5,Baltimore,1.0,1.0,1.0,--,1.0,1.4
10,5,Seattle,1.0,1.0,1.0,1.0,--,1.3
11,5,Indianapolis,1.0,1.0,1.0,1.0,--,1.4
12,5,Atlanta,1.0,1.0,1.0,--,1.0,1.6
13,5,Pittsburgh,1.0,1.0,1.0,1.0,--,1.7
14,5,Jacksonville,1.0,1.0,1.0,1.0,--,1.4
15,5,NY Jets,1.0,1.0,1.0,--,1.0,2.1
16,17,Houston,2.0,2.0,2.0,2.0,--,1.2
17,17,Denver,2.0,2.0,2.0,--,2.0,1.1
18,17,Carolina,2.0,2.0,2.0,2.0,--,1.3
19,17,NY Giants,2.0,2.0,2.0,2.0,--,1.5
20,17,Philadelphia,2.0,2.0,2.0,2.0,--,0.9
21,17,Minnesota,2.0,2.0,2.0,2.0,--,0.9
22,17,New Orleans,2.0,2.0,2.0,--,2.0,1.5
23,24,Buffalo,3.0,3.0,4.0,4.0,2.0,1.3
24,24,LA Rams,3.0,3.0,3.0,--,3.0,1.6
25,24,Green Bay,3.0,3.0,3.0,--,3.0,1.4
26,24,Dallas,3.0,3.0,3.0,--,3.0,2.1
27,24,Washington,3.0,3.0,3.0,--,3.0,1.9
28,24,Detroit,3.0,3.0,3.0,3.0,3.0,1.8
29,24,Chicago,3.0,3.0,3.0,--,3.0,1.9
30,24,Miami,3.0,3.0,3.0,--,3.0,1.7
31,32,Cleveland,4.0,4.0,4.0,--,4.0,1.5
